{
  "main": {
    "id": "86f92c68bf41252e",
    "type": "split",
    "children": [
      {
        "id": "f75057906e01cc8d",
        "type": "tabs",
        "children": [
          {
            "id": "d4e0bdf21e26b87f",
            "type": "leaf",
            "state": {
              "type": "markdown",
              "state": {
                "file": "JOURNAL.md",
                "mode": "source",
                "source": false
              },
              "icon": "lucide-file",
              "title": "JOURNAL"
            }
          }
        ]
      }
    ],
    "direction": "vertical"
  },
  "left": {
    "id": "afd1cd1f818037e6",
    "type": "split",
    "children": [
      {
        "id": "1ca7c9ec614d7bad",
        "type": "tabs",
        "children": [
          {
            "id": "480d6c1fd3177996",
            "type": "leaf",
            "state": {
              "type": "file-explorer",
              "state": {
                "sortOrder": "alphabetical",
                "autoReveal": false
              },
              "icon": "lucide-folder-closed",
              "title": "Files"
            }
          },
          {
            "id": "a388d2a7b7bab49d",
            "type": "leaf",
            "state": {
              "type": "search",
              "state": {
                "query": "",
                "matchingCase": false,
                "explainSearch": false,
                "collapseAll": false,
                "extraContext": false,
                "sortOrder": "alphabetical"
              },
              "icon": "lucide-search",
              "title": "Search"
            }
          },
          {
            "id": "9ee1bf7d6b3ec4a9",
            "type": "leaf",
            "state": {
              "type": "bookmarks",
              "state": {},
              "icon": "lucide-bookmark",
              "title": "Bookmarks"
            }
          }
        ]
      }
    ],
    "direction": "horizontal",
    "width": 300
  },
  "right": {
    "id": "0226520e16a90519",
    "type": "split",
    "children": [
      {
        "id": "81a9f8e7f3373ff4",
        "type": "tabs",
        "children": [
          {
            "id": "62d7dfbbf9106208",
            "type": "leaf",
            "state": {
              "type": "backlink",
              "state": {
                "file": "JOURNAL.md",
                "collapseAll": false,
                "extraContext": false,
                "sortOrder": "alphabetical",
                "showSearch": false,
                "searchQuery": "",
                "backlinkCollapsed": false,
                "unlinkedCollapsed": true
              },
              "icon": "links-coming-in",
              "title": "Backlinks for JOURNAL"
            }
          },
          {
            "id": "60153b9578672390",
            "type": "leaf",
            "state": {
              "type": "outgoing-link",
              "state": {
                "file": "JOURNAL.md",
                "linksCollapsed": false,
                "unlinkedCollapsed": true
              },
              "icon": "links-going-out",
              "title": "Outgoing links from JOURNAL"
            }
          },
          {
            "id": "d0d3c110e554af21",
            "type": "leaf",
            "state": {
              "type": "tag",
              "state": {
                "sortOrder": "frequency",
                "useHierarchy": true,
                "showSearch": false,
                "searchQuery": ""
              },
              "icon": "lucide-tags",
              "title": "Tags"
            }
          },
          {
            "id": "edb0dd528a279ab4",
            "type": "leaf",
            "state": {
              "type": "outline",
              "state": {
                "file": "JOURNAL.md",
                "followCursor": false,
                "showSearch": false,
                "searchQuery": ""
              },
              "icon": "lucide-list",
              "title": "Outline of JOURNAL"
            }
          }
        ]
      }
    ],
    "direction": "horizontal",
    "width": 300,
    "collapsed": true
  },
  "left-ribbon": {
    "hiddenItems": {
      "switcher:Open quick switcher": false,
      "graph:Open graph view": false,
      "canvas:Create new canvas": false,
      "daily-notes:Open today's daily note": false,
      "templates:Insert template": false,
      "command-palette:Open command palette": false
    }
  },
  "active": "d4e0bdf21e26b87f",
  "lastOpenFiles": [
    "PCB/3D-Printer-Driver-Board.kicad_sch",
    "PCB/3D-Printer-Driver-Board.kicad_pro",
    "PCB/3D-Printer-Driver-Board.kicad_pcb",
    "PCB/~3D-Printer-Driver-Board.kicad_sch.lck",
    "PCB",
    "JOURNAL.md~",
    "JOURNAL.md"
  ]
}